{
    "sample-29524.csv": {
        "size": 2128155,
        "last_modified": 1727080886.0267332,
        "hash": "317b7aaa09c112ad135b462c55dd894e"
    },
    "sample-500.csv": {
        "size": 35718,
        "last_modified": 1723705619.5595832,
        "hash": "e33186bff163ff826cb0b7d5fa87ba07"
    }
}